{
  "c1[0]": 1.5117544707045265,
  "c1[1]": 0.5171647761205631,
  "c1[2]": -0.5624071590135478,
  "c1[3]": 0.7115742750822819,
  "c1[4]": 1.1190081043530737,
  "c1[5]": 0.9854702463047604,
  "c1[6]": 1.8765878373746938,
  "c1[7]": 0.42702351117552995,
  "c1[8]": -0.3679012001994871,
  "c1[9]": -0.09695957128831299,
  "c1[10]": 0.18651120193161908,
  "c1[11]": 0.6983397627815475,
  "c1[12]": 0.22741378801930787,
  "c1[13]": 0.8516657247910855,
  "c1[14]": 0.626386571067748,
  "c1[15]": 0.4487106786798793,
  "c1[16]": 0.776734902040424,
  "c1[17]": -0.08022900767995442,
  "c1[18]": -0.018159935011917327,
  "c1[19]": 0.2205522804567428,
  "c1[20]": 0.9079311779150878,
  "c1[21]": 1.7217360219254854,
  "c1[22]": 0.5454620804605311,
  "c1[23]": 1.4342971307838237,
  "p1[0]": 1.2553506920740172,
  "p1[1]": 0.9802118332134594,
  "p1[2]": 1.025568212228755,
  "p1[3]": 0.44158562384595085,
  "p1[4]": -0.35202120784701596,
  "p1[5]": 0.2816978222806108,
  "p1[6]": 1.7480280333997615,
  "p1[7]": -0.12125596509874464,
  "p1[8]": 0.8909900381037146,
  "p1[9]": 0.3755072710921452,
  "p1[10]": 0.011482540873871128,
  "p1[11]": -0.17794129978556733
}